,page_category,page_comments_avg,page_comments_max,page_comments_max_post_id,page_comments_min,page_comments_sd,page_id,page_name,page_post_count,page_reactions_avg,page_reactions_max,page_reactions_max_post_id,page_reactions_min,page_reactions_sd,page_shares_avg,page_shares_max,page_shares_max_post_id,page_shares_min,page_shares_sd
0,Community,3.6842105263157894,19,218892821565212_1413971108724038,0,5.271017523305548,218892821565212,bangkokeatbig,92,67.26315789473684,670,218892821565212_1379757645478718,14,146.97045890067054,9.105263157894736,44,218892821565212_1413971108724038,1,11.357301796358467
1,Community,13.444444444444445,121,427521930787483_682315131974827,0,28.58058210048589,427521930787483,bornmadeak,78,427.72222222222223,2403,427521930787483_682390748633932,11,573.0131715512671,19.38888888888889,87,427521930787483_682315131974827,1,24.50483479039545
2,Community,7.863636363636363,29,551268918372423_862095937289718,0,8.756634452485777,551268918372423,DakNaeNon,188,101.9090909090909,373,551268918372423_875510175948294,4,95.39338824092876,11.931818181818182,101,551268918372423_869458083220170,1,23.19221774775315
3,Personal Blog,1.8461538461538463,8,960782227349574_1478740928887032,0,2.703274367816243,960782227349574,dinewithpigs,46,13.615384615384615,68,960782227349574_1505587889535669,2,17.270101628433174,3.6923076923076925,17,960782227349574_1505587889535669,1,4.905517563326276
4,Blogger,84.09558823529412,1914,1436860363229411_1909324409316335,0,235.5836842327763,1436860363229411,paidonnnn,406,444.5735294117647,8011,1436860363229411_1909324409316335,19,856.0190516428936,132.03676470588235,3739,1436860363229411_1909324409316335,1,477.2030146141815
5,Personal Blog,46.675,598,464171817085120_837407669761531,0,134.68527178536425,464171817085120,snapbeforeeatofficial,151,94.775,741,464171817085120_837407669761531,15,157.34373403801516,39.25,498,464171817085120_837407669761531,1,106.60272522614525
6,Blogger,266.40909090909093,2624,369540316568629_733718426817481,1,465.9597201895898,369540316568629,ipedinth,177,1289.3333333333333,5895,369540316568629_733718426817481,36,1342.3691150446066,484.93939393939394,8640,369540316568629_733718426817481,1,1239.2449671384945
7,TV Show,22.735849056603772,375,778290312277419_1222506667855779,0,57.957594227091256,778290312277419,AroiTongShare,136,276.6981132075472,2577,778290312277419_1222506667855779,19,419.93106508026824,57.264150943396224,520,778290312277419_1267513766688402,1,112.59152703183926
